{
  "spatial_pooler": {
    "passed": 3,
    "failed": 0
  },
  "temporal_memory": {
    "passed": 3,
    "failed": 0
  },
  "confidence_tracking": {
    "passed": 3,
    "failed": 0
  },
  "sequence_comparison": {
    "baseline_accuracy": [
      0.0,
      0.385,
      0.585,
      0.72,
      0.72,
      0.725,
      0.725,
      0.725,
      0.725,
      0.725,
      0.725,
      0.725,
      0.725,
      0.725,
      0.725,
      0.725,
      0.725,
      0.725,
      0.725,
      0.725,
      0.725,
      0.725,
      0.725,
      0.725,
      0.725,
      0.725,
      0.725,
      0.725,
      0.725,
      0.725
    ],
    "confidence_accuracy": [
      0.0,
      0.37,
      0.585,
      0.73,
      0.7550000000000001,
      0.775,
      0.775,
      0.775,
      0.775,
      0.775,
      0.775,
      0.775,
      0.775,
      0.775,
      0.775,
      0.775,
      0.775,
      0.775,
      0.775,
      0.775,
      0.775,
      0.775,
      0.775,
      0.775,
      0.775,
      0.775,
      0.775,
      0.775,
      0.775,
      0.775
    ]
  },
  "continual_learning": {
    "baseline": {
      "seq_a": [
        0.0,
        0.375,
        0.5549999999999999,
        0.7150000000000001,
        0.725,
        0.73,
        0.725,
        0.73,
        0.725,
        0.73,
        0.73,
        0.73,
        0.73,
        0.725,
        0.72,
        0.725,
        0.735,
        0.735,
        0.735,
        0.735,
        0.73,
        0.735,
        0.735,
        0.735,
        0.735
      ],
      "seq_b_during": [
        0.2,
        0.5650000000000001,
        0.5650000000000001,
        0.775,
        0.78,
        0.79,
        0.79,
        0.79,
        0.79,
        0.79,
        0.79,
        0.795,
        0.79,
        0.795,
        0.795,
        0.795,
        0.795,
        0.795,
        0.795,
        0.795,
        0.795,
        0.795,
        0.795,
        0.795,
        0.795
      ],
      "seq_a_after": [
        0.545
      ]
    },
    "confidence": {
      "seq_a": [
        0.0,
        0.385,
        0.595,
        0.7150000000000001,
        0.725,
        0.73,
        0.73,
        0.73,
        0.73,
        0.73,
        0.73,
        0.73,
        0.73,
        0.73,
        0.73,
        0.73,
        0.73,
        0.73,
        0.73,
        0.73,
        0.73,
        0.73,
        0.73,
        0.73,
        0.73
      ],
      "seq_b_during": [
        0.2,
        0.5700000000000001,
        0.615,
        0.6950000000000001,
        0.72,
        0.73,
        0.7300000000000001,
        0.7300000000000001,
        0.7300000000000001,
        0.7300000000000001,
        0.7300000000000001,
        0.735,
        0.7300000000000001,
        0.735,
        0.735,
        0.735,
        0.735,
        0.735,
        0.735,
        0.735,
        0.735,
        0.735,
        0.735,
        0.735,
        0.735
      ],
      "seq_a_after": [
        0.5700000000000001
      ]
    },
    "baseline_stability": 1.0,
    "confidence_stability": 1.0,
    "baseline_perm_stats": {
      "mean": 0.4904560261883525,
      "high_perm_ratio": 0.001131005479801198,
      "very_high_perm_ratio": 0.0010991461705110233,
      "max": 1.0,
      "total_synapses": 251104
    },
    "confidence_perm_stats": {
      "mean": 0.49123228225143806,
      "high_perm_ratio": 0.002875924404272802,
      "very_high_perm_ratio": 0.0016048685291700903,
      "max": 1.0,
      "total_synapses": 233664
    }
  },
  "noise_robustness": {
    "noise_levels": [
      0.0,
      0.05,
      0.1,
      0.15,
      0.2
    ],
    "baseline": [
      0.735,
      0.725,
      0.43499999999999994,
      0.025,
      0.0
    ],
    "confidence": [
      0.73,
      0.73,
      0.515,
      0.085,
      0.0
    ]
  }
}